사업지구번호,기준년도,시군구코드,시군구명,사업지구명,토지고유코드,토지임야대장 지목코드,토지임야대장 면적,조사자 의견내용,건축물 일련번호,지상층수,지하층수,건축면적,건폐율,용적률,건축물구조코드,건축물구조코드명,건축물용도코드,건축물용도코드명
3892,2020,44180,충청남도 보령시,대천3지구,4418010100102880161,08,194.00,현장 담장으로 경계설정,2102,2,1,114.4000,58.97,111.99,14,시멘트벽돌조,12,다가구주택
3892,2020,44180,충청남도 보령시,대천3지구,4418010100102970287,08,213.00,토지의 이용현황에 따라 측정,2284,1,1,94.3800,0.00,0.00,14,시멘트벽돌조,61,
3892,2020,44180,충청남도 보령시,대천3지구,4418010100102970304,08,196.00,토지의 이용현황에 따라 측정,2295,1,1,81.5400,0.00,0.00,14,시멘트벽돌조,11,단독주택
3892,2020,44180,충청남도 보령시,대천3지구,4418010100102970311,08,253.00,토지의 이용현황에 따라 측정,2301,2,1,76.3500,0.00,0.00,14,시멘트벽돌조,11,단독주택
3892,2020,44180,충청남도 보령시,대천3지구,4418010100102970318,02,180.00,토지의 이용현황에 따라 측정,2304,2,1,113.1900,48.19,73.64,14,시멘트벽돌조,11,단독주택
3892,2020,44180,충청남도 보령시,대천3지구,4418010100102970327,08,322.00,토지의 이용현황에 따라 측정,2312,2,1,90.2800,0.00,0.00,14,시멘트벽돌조,11,단독주택
3892,2020,44180,충청남도 보령시,대천3지구,4418010100102970328,08,197.00,토지의 이용현황에 따라 측정,2313,2,1,89.7300,45.55,71.82,14,시멘트벽돌조,11,단독주택
3892,2020,44180,충청남도 보령시,대천3지구,4418010100102970329,08,332.00,토지의 이용현황에 따라 측정,2314,2,1,90.7200,0.00,0.00,14,시멘트벽돌조,11,단독주택
3892,2020,44180,충청남도 보령시,대천3지구,4418010100102970466,08,839.00,토지의 이용현황에 따라 측정,3741,7,1,361.9300,39.25,227.04,03,철근콘크리트,32,제2종근린생활시설
3892,2020,44180,충청남도 보령시,대천3지구,4418010100102980003,08,299.00,토지 이용현황에 따라 측정,2339,3,1,224.6100,59.26,144.80,03,철근콘크리트,31,제1종근린생활시설
3892,2020,44180,충청남도 보령시,대천3지구,4418010100103100001,08,193.00,토지 이용현황에 따라 측정,2403,2,1,89.9950,0.00,0.00,14,시멘트벽돌조,11,단독주택
3892,2020,44180,충청남도 보령시,대천3지구,4418010100103180047,25,892.00,토지의 이용현황에 따라 측정,2447,2,1,299.1600,33.54,63.36,03,철근콘크리트,33,문화및집회시설
3892,2020,44180,충청남도 보령시,대천3지구,4418010100103180050,08,175.00,토지의 이용현황에 따라 측정,2449,2,1,0.0000,0.00,0.00,14,시멘트벽돌조,11,단독주택
3892,2020,44180,충청남도 보령시,대천3지구,4418010100103180051,08,213.00,토지의 이용현황에 따라 측정,2450,2,1,0.0000,0.00,0.00,14,시멘트벽돌조,11,단독주택
3892,2020,44180,충청남도 보령시,대천3지구,4418010100103610025,08,250.00,토지의 이용현황에 따라 측정,2663,2,1,0.0000,0.00,0.00,14,시멘트벽돌조,11,단독주택
4092,2020,44825,충청남도 태안군,포지지구,4482536024100470002,08,2169.00,이용현황에 의한 경계결정,279,2,1,527.2100,0.00,37.82,03,철근콘크리트,31,제1종근린생활시설
3949,2020,47150,경상북도 김천시,아포의리지구,4715025022102840000,08,311.00,주위에 뚜렷한 담장이 설치되어 있으므로 현실경계대로 경계결정,21988,1,1,77.0200,0.00,0.00,14,시멘트벽돌조,11,단독주택
3949,2020,47150,경상북도 김천시,아포의리지구,4715025022103130000,08,183.00,322-1번지와 합산면적을 고려해서 경계결정 ,9880,1,0,51.9000,0.00,0.00,14,시멘트벽돌조,11,단독주택
3949,2020,47150,경상북도 김천시,아포의리지구,4715025022103130000,08,183.00,322-1번지와 합산면적을 고려해서 경계결정 ,9881,1,0,63.1400,0.00,0.00,14,시멘트벽돌조,11,단독주택
3949,2020,47150,경상북도 김천시,아포의리지구,4715025022103170000,08,792.00,현실경계대로 경계결정.,30526,1,0,65.7800,0.00,0.00,13,황토조,11,단독주택
3949,2020,47150,경상북도 김천시,아포의리지구,4715025022103240008,08,609.00,현실경계대로 경계결정,24844,1,1,92.2700,0.00,0.00,14,시멘트벽돌조,11,단독주택
3870,2020,47150,경상북도 김천시,대항대룡지구,4715038026101510004,08,241.00,현실경계대로 경계결정 하되 151-5번지 소유자와 경계결정 협의,45263,1,1,99.3400,12.53,12.53,14,시멘트벽돌조,11,단독주택
3870,2020,47150,경상북도 김천시,대항대룡지구,4715038026101510005,08,552.00,현실경계대로 경계결정 하되 151-4번지 소유자와 경계결정 협의,28443,1,1,184.9200,33.50,35.13,16,시멘트블럭조,11,단독주택
3870,2020,47150,경상북도 김천시,대항대룡지구,4715038026105910003,08,261.00,주위에 뚜렷한 담장이 설치되어 있으므로 현실경계대로 경계결정,44232,1,1,126.7300,0.00,0.00,14,시멘트벽돌조,11,단독주택
4328,2020,47190,경상북도 구미시,문성2지구,4719025332101620007,08,524.00,외측 경계선은 현실경계대로 하되 안쪽선 현실경계가 불명확하기때문에 소유자와 협의후 면적과 비교하여 경계를 결정함이 타당,1953,1,0,142.2000,0.00,27.10,13,황토조,11,단독주택
4328,2020,47190,경상북도 구미시,문성2지구,4719025332102040099,02,279.00,현실경계대로 경계설정하되 동쪽부분에서 면적조정 여지가 있음,35847,2,1,177.4800,59.96,111.15,14,시멘트벽돌조,31,제1종근린생활시설
4327,2020,47190,경상북도 구미시,문성1지구,4719025332108110009,08,207.00,현실경계대로 경계결정이 타당함.,36037,2,1,117.5000,56.80,98.90,14,시멘트벽돌조,11,단독주택
4327,2020,47190,경상북도 구미시,문성1지구,4719025332108120002,08,938.00,현실경계대로 경계결정이 타당함.,36089,5,1,379.0800,40.40,176.10,03,철근콘크리트,21,아파트
4259,2020,48860,경상남도 산청군,노은지구,4886033022105780000,04,1977.00,축사,9147,1,0,0.0000,8.00,8.00,04,철골,55,동물및식물관련시설
4259,2020,48860,경상남도 산청군,노은지구,4886033022105780000,04,1977.00,축사,9146,1,0,345.6000,17.48,17.48,04,철골,55,동물및식물관련시설
4259,2020,48860,경상남도 산청군,노은지구,4886033022105780000,04,1977.00,축사,9148,1,0,0.0000,0.00,0.00,04,철골,55,동물및식물관련시설
5157,2020,52111,전북특별자치도 전주시 완산구,서완산1지구,5211112300100070002,08,483.00,현실경계로 결정하는것이 타당함,9979,1,0,0.0000,0.00,0.00,16,시멘트블럭조,39,노유자시설
5157,2020,52111,전북특별자치도 전주시 완산구,서완산1지구,5211112300100080000,08,249.00,현실경계로 결정하는것이 타당함,100337797,2,0,49.4400,19.86,32.77,17,경량철골조,32,제2종근린생활시설
5157,2020,52111,전북특별자치도 전주시 완산구,서완산1지구,5211112300100080002,08,608.00,현실경계로 결정하는것이 타당함,28721,1,0,58.8000,0.00,0.00,15,목조,11,단독주택
5157,2020,52111,전북특별자치도 전주시 완산구,서완산1지구,5211112300100090001,08,25.00,토지의 현실경계로 결정하는 것이 타당함.,9691,1,0,55.4300,0.00,0.00,16,시멘트블럭조,99,기타
5157,2020,52111,전북특별자치도 전주시 완산구,서완산1지구,5211112300100100002,08,235.00,토지의 현실경계로 결정하는 것이 타당함.,20655,2,0,81.0000,0.00,0.00,15,목조,11,단독주택
5157,2020,52111,전북특별자치도 전주시 완산구,서완산1지구,5211112300100110001,08,165.00,현실경계로 결정하는것이 타당함,19285,1,0,65.0100,39.40,36.80,99,기타,11,단독주택
5010,2020,52111,전북특별자치도 전주시 완산구,서완산2지구,5211112400100690001,08,159.00,토지의 현실경계로 결정하는 것이 타당함.,100180566,1,0,115.5900,0.00,72.70,16,시멘트블럭조,11,단독주택
5010,2020,52111,전북특별자치도 전주시 완산구,서완산2지구,5211112400100690002,08,59.00,토지의 현실경계로 결정하는 것이 타당함.,8414,2,0,120.0200,58.83,112.25,03,철근콘크리트,11,단독주택
5010,2020,52111,전북특별자치도 전주시 완산구,서완산2지구,5211112400100700003,08,40.00,토지의 현실경계로 결정하는 것이 타당함.,31621,1,0,0.0000,0.00,0.00,16,시멘트블럭조,11,단독주택
5010,2020,52111,전북특별자치도 전주시 완산구,서완산2지구,5211112400100700004,08,55.00,토지의 현실경계로 결정하는 것이 타당함.,14081,1,0,40.2000,0.00,0.00,16,시멘트블럭조,35,판매시설
5010,2020,52111,전북특별자치도 전주시 완산구,서완산2지구,5211112400100710002,08,198.00,토지의 현실경계로 결정하는 것이 타당함.,23942,1,0,110.4000,0.00,0.00,99,기타,11,단독주택
5010,2020,52111,전북특별자치도 전주시 완산구,서완산2지구,5211112400100710003,08,96.00,토지의 현실경계로 결정하는 것이 타당함.,28193,1,0,112.4000,0.00,0.00,99,기타,11,단독주택
5010,2020,52111,전북특별자치도 전주시 완산구,서완산2지구,5211112400100710007,08,175.00,토지의 현실경계로 결정하는 것이 타당함.,29110,1,0,84.5700,0.00,0.00,16,시멘트블럭조,11,단독주택
5010,2020,52111,전북특별자치도 전주시 완산구,서완산2지구,5211112400100710008,08,321.00,토지의 현실경계로 결정하는 것이 타당함.,32048,1,0,92.5000,0.00,0.00,16,시멘트블럭조,11,단독주택
5010,2020,52111,전북특별자치도 전주시 완산구,서완산2지구,5211112400100710011,08,241.00,토지의 현실경계로 결정하는 것이 타당함.,27656,2,0,84.1900,0.00,0.00,14,시멘트벽돌조,11,단독주택
5010,2020,52111,전북특별자치도 전주시 완산구,서완산2지구,5211112400100710019,08,282.00,토지의 현실경계로 결정하는 것이 타당함.,30999,1,0,77.6700,0.00,0.00,16,시멘트블럭조,11,단독주택
5010,2020,52111,전북특별자치도 전주시 완산구,서완산2지구,5211112400100710022,08,162.00,토지의 현실경계로 결정하는 것이 타당함.,10515,1,0,54.9000,0.00,0.00,16,시멘트블럭조,11,단독주택
5010,2020,52111,전북특별자치도 전주시 완산구,서완산2지구,5211112400100710023,08,182.00,토지의 현실경계로 결정하는 것이 타당함.,23716,1,0,54.8700,0.00,0.00,16,시멘트블럭조,11,단독주택
5010,2020,52111,전북특별자치도 전주시 완산구,서완산2지구,5211112400100710024,08,149.00,토지의 현실경계로 결정하는 것이 타당함.,16143,1,0,64.4500,0.00,0.00,16,시멘트블럭조,11,단독주택
5010,2020,52111,전북특별자치도 전주시 완산구,서완산2지구,5211112400100710025,08,185.00,토지의 현실경계로 결정하는 것이 타당함.,32952,1,0,62.1000,0.00,0.00,15,목조,11,단독주택
5010,2020,52111,전북특별자치도 전주시 완산구,서완산2지구,5211112400100710026,08,175.00,토지의 현실경계로 결정하는 것이 타당함.,26684,2,0,64.3800,39.41,58.69,14,시멘트벽돌조,11,단독주택
5010,2020,52111,전북특별자치도 전주시 완산구,서완산2지구,5211112400100710027,08,208.00,토지의 현실경계로 결정하는 것이 타당함.,17701,2,0,83.9500,0.00,0.00,10,연와조,11,단독주택
5010,2020,52111,전북특별자치도 전주시 완산구,서완산2지구,5211112400100710028,08,235.00,토지의 현실경계로 결정하는 것이 타당함.,17147,1,0,79.6500,0.00,0.00,14,시멘트벽돌조,11,단독주택
5010,2020,52111,전북특별자치도 전주시 완산구,서완산2지구,5211112400100710031,08,692.00,토지의 현실경계로 결정하는 것이 타당함.,14083,2,1,283.5500,19.72,36.54,03,철근콘크리트,31,제1종근린생활시설
5010,2020,52111,전북특별자치도 전주시 완산구,서완산2지구,5211112400100740003,08,163.00,토지의 현실경계로 결정하는 것이 타당함.,12466,1,0,82.2900,0.00,0.00,10,연와조,11,단독주택
5010,2020,52111,전북특별자치도 전주시 완산구,서완산2지구,5211112400100740005,01,169.00,토지의 현실경계로 결정하는 것이 타당함.,18175,1,0,79.9000,0.00,0.00,10,연와조,11,단독주택
5010,2020,52111,전북특별자치도 전주시 완산구,서완산2지구,5211112400100740011,01,308.00,토지의 현실경계로 결정하는 것이 타당함.,21711,2,1,118.3400,0.00,0.00,14,시멘트벽돌조,99,기타
5010,2020,52111,전북특별자치도 전주시 완산구,서완산2지구,5211112400100740012,01,212.00,토지의 현실경계로 결정하는 것이 타당함.,24216,1,0,72.2700,0.00,0.00,14,시멘트벽돌조,11,단독주택
5010,2020,52111,전북특별자치도 전주시 완산구,서완산2지구,5211112400100740013,01,212.00,토지의 현실경계로 결정하는 것이 타당함.,28728,1,0,85.1000,0.00,0.00,14,시멘트벽돌조,11,단독주택
5010,2020,52111,전북특별자치도 전주시 완산구,서완산2지구,5211112400100750001,08,214.00,토지의 현실경계로 결정하는 것이 타당함.,25926,1,0,106.0300,0.00,0.00,14,시멘트벽돌조,11,단독주택
5010,2020,52111,전북특별자치도 전주시 완산구,서완산2지구,5211112400100750002,08,165.00,토지의 현실경계로 결정하는 것이 타당함.,23977,1,0,74.8800,32.00,32.00,16,시멘트블럭조,11,단독주택
5010,2020,52111,전북특별자치도 전주시 완산구,서완산2지구,5211112400100780021,08,679.00,토지의 현실경계로 결정하는 것이 타당함.,9233,2,0,323.9800,47.71,71.24,03,철근콘크리트,99,기타
5010,2020,52111,전북특별자치도 전주시 완산구,서완산2지구,5211112400100780041,08,162.00,토지의 현실경계로 결정하는 것이 타당함.,13811,2,1,68.1400,36.43,52.74,14,시멘트벽돌조,11,단독주택
4551,2020,52190,전북특별자치도 남원시,사매지구,5219038023102040003,08,524.00,현실경계로 설정,26013,1,0,139.9100,26.70,17.10,15,목조,11,단독주택
4551,2020,52190,전북특별자치도 남원시,사매지구,5219038023102090000,08,301.00,현실경계로 설정,26015,1,0,314.7500,16.78,16.78,15,목조,11,단독주택
4551,2020,52190,전북특별자치도 남원시,사매지구,5219038023102100001,08,581.00,현실경계로 설정,100171616,1,0,132.0700,22.73,22.73,15,목조,11,단독주택
4551,2020,52190,전북특별자치도 남원시,사매지구,5219038023102110000,08,936.00,현실경계로 설정,1780,1,0,157.8300,7.93,16.83,03,철근콘크리트,11,단독주택
4551,2020,52190,전북특별자치도 남원시,사매지구,5219038023102110000,08,936.00,현실경계로 설정,26019,1,0,74.2300,7.93,7.93,03,철근콘크리트,11,단독주택
4551,2020,52190,전북특별자치도 남원시,사매지구,5219038023102110000,08,936.00,현실경계로 설정,26020,1,0,83.3000,8.90,8.90,03,철근콘크리트,11,단독주택
4551,2020,52190,전북특별자치도 남원시,사매지구,5219038023102150001,08,985.00,현실경계로 설정,26024,1,0,41.8000,4.24,4.24,15,목조,11,단독주택
4551,2020,52190,전북특별자치도 남원시,사매지구,5219038023102190000,08,377.00,현실경계로 설정,26027,1,0,69.7400,18.50,18.50,15,목조,11,단독주택
4551,2020,52190,전북특별자치도 남원시,사매지구,5219038023102220000,08,588.00,현실경계로 설정,26029,1,0,90.4000,15.37,15.37,15,목조,11,단독주택
4551,2020,52190,전북특별자치도 남원시,사매지구,5219038023102240000,08,165.00,현실경계로 설정,26030,1,0,55.5000,33.64,33.64,15,목조,11,단독주택
4551,2020,52190,전북특별자치도 남원시,사매지구,5219038023102280000,08,644.00,현실경계로 설정,26032,1,0,86.3900,8.92,8.92,15,목조,11,단독주택
4551,2020,52190,전북특별자치도 남원시,사매지구,5219038023102410001,08,225.00,면적유지,26035,1,0,84.6000,32.54,31.38,14,시멘트벽돌조,11,단독주택
4551,2020,52190,전북특별자치도 남원시,사매지구,5219038023102510000,08,245.00,현실경계로 설정,26037,1,0,90.6500,37.00,37.00,15,목조,11,단독주택
4551,2020,52190,전북특별자치도 남원시,사매지구,5219038023102540000,08,383.00,현실경계로 설정,26038,1,0,118.2000,30.86,30.08,14,시멘트벽돌조,11,단독주택
4551,2020,52190,전북특별자치도 남원시,사매지구,5219038023102580000,08,317.00,현실경계로 설정,26041,1,0,36.9000,11.64,11.64,15,목조,11,단독주택
4551,2020,52190,전북특별자치도 남원시,사매지구,5219038023102590000,08,555.00,현실경계로 설정,100204889,1,0,84.4800,0.00,0.00,01,철골철근콘크리트,11,단독주택
4551,2020,52190,전북특별자치도 남원시,사매지구,5219038023102590000,08,555.00,현실경계로 설정,100204887,1,0,127.7300,0.00,23.01,01,철골철근콘크리트,11,단독주택
4551,2020,52190,전북특별자치도 남원시,사매지구,5219038023102590000,08,555.00,현실경계로 설정,100204888,1,0,43.2500,0.00,0.00,01,철골철근콘크리트,11,단독주택
4551,2020,52190,전북특별자치도 남원시,사매지구,5219038023102600001,08,496.00,현실경계로 설정,100219966,0,0,120.0800,24.21,24.21,03,철근콘크리트,11,단독주택
4551,2020,52190,전북특별자치도 남원시,사매지구,5219038023102620001,08,331.00,현실경계로 설정,26044,1,0,105.1200,19.25,19.25,15,목조,11,단독주택
4551,2020,52190,전북특별자치도 남원시,사매지구,5219038023102630004,08,91.00,현실경계로 설정,100199890,1,0,13.2000,14.50,14.50,03,철근콘크리트,11,단독주택
4551,2020,52190,전북특별자치도 남원시,사매지구,5219038023102670001,08,588.00,현실경계로 설정,26046,1,0,116.6200,19.83,19.83,15,목조,11,단독주택
4551,2020,52190,전북특별자치도 남원시,사매지구,5219038023102780001,08,466.00,현실경계로 설정,26048,1,0,107.4500,98.58,98.58,15,목조,11,단독주택
4551,2020,52190,전북특별자치도 남원시,사매지구,5219038023102840001,08,326.00,현실경계로 설정,26050,1,0,67.3500,20.66,20.66,15,목조,11,단독주택
4551,2020,52190,전북특별자치도 남원시,사매지구,5219038023102850000,08,393.00,현실경계로 설정,26051,1,0,68.6500,17.47,17.47,05,석조,11,단독주택
4551,2020,52190,전북특별자치도 남원시,사매지구,5219038023102850000,08,393.00,현실경계로 설정,26052,1,0,14.4900,3.69,3.69,05,석조,11,단독주택
4551,2020,52190,전북특별자치도 남원시,사매지구,5219038023102890000,08,995.00,현실경계로 설정,26054,1,0,75.4000,7.58,7.58,18,조립식판넬조,52,창고시설
4551,2020,52190,전북특별자치도 남원시,사매지구,5219038023103000000,08,717.00,현실경계로 설정,26058,1,0,81.2800,11.33,11.33,03,철근콘크리트,11,단독주택
4551,2020,52190,전북특별자치도 남원시,사매지구,5219038023103030000,08,404.00,현실경계로 설정,26059,1,0,42.5600,8.20,8.20,05,석조,11,단독주택
4551,2020,52190,전북특별자치도 남원시,사매지구,5219038023103040000,08,631.00,현실경계로 설정,26060,1,0,221.2000,35.06,35.06,15,목조,11,단독주택
4551,2020,52190,전북특별자치도 남원시,사매지구,5219038023103040000,08,631.00,현실경계로 설정,26060,1,0,221.2000,35.06,35.06,15,목조,11,단독주택
4551,2020,52190,전북특별자치도 남원시,사매지구,5219038023103080000,08,1068.00,현실경계로 설정,26062,1,0,80.9200,7.58,7.58,05,석조,11,단독주택
4551,2020,52190,전북특별자치도 남원시,사매지구,5219038023103100000,08,522.00,현실경계로 설정,26063,1,0,72.3600,13.86,13.86,15,목조,11,단독주택
4551,2020,52190,전북특별자치도 남원시,사매지구,5219038023103230001,08,172.00,현실경계로 설정,26066,1,0,105.0600,61.08,61.08,05,석조,52,창고시설
4551,2020,52190,전북특별자치도 남원시,사매지구,5219038023103300001,08,499.00,현실경계로 설정,26067,1,0,119.1700,23.88,23.88,15,목조,11,단독주택
4551,2020,52190,전북특별자치도 남원시,사매지구,5219038023103300001,08,499.00,현실경계로 설정,26068,1,0,55.1200,11.05,11.05,15,목조,11,단독주택
4551,2020,52190,전북특별자치도 남원시,사매지구,5219038023103330000,08,324.00,현실경계로 설정,26071,1,0,99.4500,30.69,30.69,15,목조,11,단독주택
4551,2020,52190,전북특별자치도 남원시,사매지구,5219038023103400002,08,539.00,현실경계로 설정,26074,1,0,107.4800,19.94,19.94,15,목조,11,단독주택
4551,2020,52190,전북특별자치도 남원시,사매지구,5219038023103400005,08,289.00,현실경계로 설정,26075,1,0,81.3000,14.47,14.47,05,석조,52,창고시설
4551,2020,52190,전북특별자치도 남원시,사매지구,5219038023103410002,08,261.00,현실경계로 설정,26076,1,0,71.8000,27.51,27.51,15,목조,11,단독주택
4551,2020,52190,전북특별자치도 남원시,사매지구,5219038023103410002,08,261.00,현실경계로 설정,26077,1,0,42.4000,16.25,16.25,15,목조,11,단독주택
4551,2020,52190,전북특별자치도 남원시,사매지구,5219038023103480002,08,584.00,현실경계로 설정,100191145,1,0,130.0000,22.26,22.26,04,철골,11,단독주택
4551,2020,52190,전북특별자치도 남원시,사매지구,5219038023104090001,01,483.00,현실경계로 설정,26081,1,0,171.0000,35.40,35.40,22,철파이프조,52,창고시설
4551,2020,52190,전북특별자치도 남원시,사매지구,5219038023104110001,08,413.00,현실경계로 설정,100209006,1,0,99.0000,11.22,11.22,15,목조,11,단독주택
4551,2020,52190,전북특별자치도 남원시,사매지구,5219038023104110002,08,443.00,현실경계로 설정,26083,1,0,69.1200,16.74,16.74,15,목조,11,단독주택
4551,2020,52190,전북특별자치도 남원시,사매지구,5219038023104110002,08,443.00,현실경계로 설정,26082,1,0,100.9000,22.78,22.78,15,목조,11,단독주택
4551,2020,52190,전북특별자치도 남원시,사매지구,5219038023104110004,01,238.00,면적유지,26084,1,0,101.5000,42.65,42.65,15,목조,11,단독주택
4551,2020,52190,전북특별자치도 남원시,사매지구,5219038023104140003,08,664.00,현실경계로 설정,26085,1,0,52.8500,7.96,7.96,15,목조,11,단독주택
4551,2020,52190,전북특별자치도 남원시,사매지구,5219038023104140006,08,278.00,면적유지,26086,1,0,49.0400,17.64,17.64,15,목조,11,단독주택
4551,2020,52190,전북특별자치도 남원시,사매지구,5219038023106930002,28,150.20,면적유지,100171864,1,0,16.2000,10.79,10.79,15,목조,31,제1종근린생활시설
4551,2020,52190,전북특별자치도 남원시,사매지구,5219038028101880001,08,340.00,토지의 현실경계,26737,1,0,65.2000,19.17,19.17,15,목조,12,다가구주택
4551,2020,52190,전북특별자치도 남원시,사매지구,5219038028101880004,08,228.00,토지의 현실경계,26738,1,0,33.4000,14.64,14.64,15,목조,11,단독주택
4551,2020,52190,전북특별자치도 남원시,사매지구,5219038028101880006,08,208.00,현실경계대로 설정,26740,1,0,58.7000,28.22,28.22,15,목조,11,단독주택
4551,2020,52190,전북특별자치도 남원시,사매지구,5219038028101880006,08,208.00,현실경계대로 설정,100234825,1,0,66.4500,31.95,31.95,15,목조,11,단독주택
4551,2020,52190,전북특별자치도 남원시,사매지구,5219038028101900001,08,643.00,현실경계로 설정,26741,1,0,69.6000,10.82,10.82,12,보강블럭조,11,단독주택
4551,2020,52190,전북특별자치도 남원시,사매지구,5219038028101940003,28,307.00,현실경계로 설정,26742,1,0,76.8000,25.02,25.02,05,석조,31,제1종근린생활시설
4551,2020,52190,전북특별자치도 남원시,사매지구,5219038028101950004,08,507.00,현실경계 설정,26743,1,0,89.8000,17.71,17.71,15,목조,11,단독주택
4551,2020,52190,전북특별자치도 남원시,사매지구,5219038028101990000,08,298.00,현실경계로 설정,26744,1,0,52.4600,17.60,17.60,15,목조,11,단독주택
4551,2020,52190,전북특별자치도 남원시,사매지구,5219038028102100000,08,473.00,현실경계 설정,26747,1,0,99.2700,20.98,20.98,15,목조,11,단독주택
4551,2020,52190,전북특별자치도 남원시,사매지구,5219038028102100000,08,473.00,현실경계 설정,26747,1,0,99.2700,20.98,20.98,15,목조,11,단독주택
4551,2020,52190,전북특별자치도 남원시,사매지구,5219038028102120001,08,628.00,현실경계로 설정,100182862,1,0,99.5700,15.86,15.54,14,시멘트벽돌조,11,단독주택
4551,2020,52190,전북특별자치도 남원시,사매지구,5219038028102140001,08,215.00,현실경계로 설정,26750,1,0,137.1800,63.80,63.80,03,철근콘크리트,11,단독주택
4551,2020,52190,전북특별자치도 남원시,사매지구,5219038028102150000,08,152.00,현실경계로 설정,26751,1,0,142.7200,93.89,93.89,18,조립식판넬조,52,창고시설
4551,2020,52190,전북특별자치도 남원시,사매지구,5219038028102190001,08,284.00,현실경계로 설정,26753,1,0,83.6000,29.43,29.43,15,목조,11,단독주택
4551,2020,52190,전북특별자치도 남원시,사매지구,5219038028102200000,08,175.00,현실경계로 설정,100195048,1,0,48.9000,27.94,27.94,17,경량철골조,11,단독주택
4551,2020,52190,전북특별자치도 남원시,사매지구,5219038028102250001,08,443.00,현실경계로 설정,100175340,1,0,102.1200,23.05,21.86,03,철근콘크리트,11,단독주택
4551,2020,52190,전북특별자치도 남원시,사매지구,5219038028103170000,08,529.00,현실경계로 설정,26760,1,0,15.8600,3.00,3.00,14,시멘트벽돌조,11,단독주택
4551,2020,52190,전북특별자치도 남원시,사매지구,5219038028103170000,08,529.00,현실경계로 설정,1224,1,0,185.7400,15.46,34.77,14,시멘트벽돌조,11,단독주택
4551,2020,52190,전북특별자치도 남원시,사매지구,5219038028103170000,08,529.00,현실경계로 설정,26761,1,0,81.7800,15.46,15.46,14,시멘트벽돌조,11,단독주택
4551,2020,52190,전북특별자치도 남원시,사매지구,5219038028103170000,08,529.00,현실경계로 설정,26762,1,0,102.1600,19.31,19.31,14,시멘트벽돌조,11,단독주택
4551,2020,52190,전북특별자치도 남원시,사매지구,5219038028103250000,08,393.00,현실경계로 설정,26764,1,0,82.9800,21.11,21.11,14,시멘트벽돌조,11,단독주택
4551,2020,52190,전북특별자치도 남원시,사매지구,5219038028103280000,08,456.00,현실경계로 설정,100207507,2,0,66.6900,14.62,18.13,14,시멘트벽돌조,11,단독주택
4551,2020,52190,전북특별자치도 남원시,사매지구,5219038028103330000,08,251.00,현실경계로 설정,26768,1,0,19.5300,7.78,7.78,07,목구조,11,단독주택
4551,2020,52190,전북특별자치도 남원시,사매지구,5219038028103350000,08,509.00,현실경계로 설정,26769,1,0,71.8100,14.10,14.10,07,목구조,11,단독주택
4551,2020,52190,전북특별자치도 남원시,사매지구,5219038028103370001,08,280.00,현실경계로 설정,26771,1,0,97.2500,34.73,34.73,14,시멘트벽돌조,11,단독주택
4551,2020,52190,전북특별자치도 남원시,사매지구,5219038028103390000,08,321.00,현실경계로 설정,26772,1,0,44.6200,13.90,13.90,14,시멘트벽돌조,52,창고시설
4551,2020,52190,전북특별자치도 남원시,사매지구,5219038028103410000,08,339.00,현실경계로 설정,26774,1,0,50.4900,14.89,14.89,07,목구조,11,단독주택
4551,2020,52190,전북특별자치도 남원시,사매지구,5219038028103410001,08,289.00,현실경계로 설정,26775,1,0,69.5400,24.06,24.06,15,목조,11,단독주택
4551,2020,52190,전북특별자치도 남원시,사매지구,5219038028103430000,08,291.00,현실경계로 설정,26777,1,0,49.2000,16.90,16.90,11,보강콘크리트,11,단독주택
4551,2020,52190,전북특별자치도 남원시,사매지구,5219038028103440001,08,433.00,현실경계로 설정,26778,1,0,130.2500,19.41,19.41,15,목조,11,단독주택
4551,2020,52190,전북특별자치도 남원시,사매지구,5219038028103480001,08,367.00,현실경계로 설정,26780,1,0,82.6000,22.50,22.50,07,목구조,11,단독주택
4551,2020,52190,전북특별자치도 남원시,사매지구,5219038028103500000,08,737.00,현실경계로 설정,26781,1,0,52.3300,7.10,7.10,11,보강콘크리트,11,단독주택
4551,2020,52190,전북특별자치도 남원시,사매지구,5219038028103510000,08,760.00,토지의 현실경계로 설정,26782,1,0,26.8200,3.52,3.52,15,목조,11,단독주택
4551,2020,52190,전북특별자치도 남원시,사매지구,5219038028103580000,08,1058.00,현실경계로 설정,26783,1,0,73.4600,6.94,6.94,15,목조,11,단독주택
4551,2020,52190,전북특별자치도 남원시,사매지구,5219038028105430001,04,155.00,현실경계로 설정,26787,1,0,278.5000,24.30,24.30,22,철파이프조,52,창고시설
4551,2020,52190,전북특별자치도 남원시,사매지구,5219038028105480000,08,843.00,현실경계로 설정,26791,1,0,28.8000,3.41,3.41,15,목조,11,단독주택
4551,2020,52190,전북특별자치도 남원시,사매지구,5219038028105500000,08,390.00,현실경계로 설정,26792,1,0,65.3500,16.75,16.75,15,목조,11,단독주택
4551,2020,52190,전북특별자치도 남원시,사매지구,5219038028105510000,08,502.00,현실경계로 설정,26793,1,0,84.6500,16.86,16.86,07,목구조,11,단독주택
4551,2020,52190,전북특별자치도 남원시,사매지구,5219038028105560001,08,367.00,현실경계로 설정,1354,1,0,163.9800,13.19,44.68,15,목조,11,단독주택
4551,2020,52190,전북특별자치도 남원시,사매지구,5219038028105560001,08,367.00,현실경계로 설정,26796,1,0,48.4000,13.19,13.19,15,목조,11,단독주택
4551,2020,52190,전북특별자치도 남원시,사매지구,5219038028105560001,08,367.00,현실경계로 설정,26797,1,0,115.5800,0.00,0.00,15,목조,11,단독주택
4551,2020,52190,전북특별자치도 남원시,사매지구,5219038028105570001,01,901.00,현실경계로 설정,26798,1,0,359.9000,39.94,39.94,22,철파이프조,55,동물및식물관련시설
4551,2020,52190,전북특별자치도 남원시,사매지구,5219038028105570006,04,846.00,현실경계로 설정,26800,1,0,280.0000,33.00,33.00,22,철파이프조,55,동물및식물관련시설
4551,2020,52190,전북특별자치도 남원시,사매지구,5219038028105570006,04,846.00,현실경계로 설정,26799,1,0,420.0000,49.65,49.65,22,철파이프조,55,동물및식물관련시설
4551,2020,52190,전북특별자치도 남원시,사매지구,5219038028105860001,28,572.00,현실경계로 설정,26801,1,0,99.2000,17.34,17.34,11,보강콘크리트,52,창고시설
4551,2020,52190,전북특별자치도 남원시,사매지구,5219038028105890001,08,540.00,현실경계로 설정,26802,1,0,359.9000,66.65,66.65,14,시멘트벽돌조,11,단독주택
4551,2020,52190,전북특별자치도 남원시,사매지구,5219038029100470000,08,594.00,현실경계로 설정,26847,1,0,47.2000,7.60,7.60,15,목조,11,단독주택
4551,2020,52190,전북특별자치도 남원시,사매지구,5219038029100470000,08,594.00,현실경계로 설정,26848,1,0,77.4000,12.46,12.46,15,목조,11,단독주택
4551,2020,52190,전북특별자치도 남원시,사매지구,5219038029100490000,08,932.00,현실경계로 설정,26849,1,0,84.8000,9.10,9.10,15,목조,11,단독주택
4551,2020,52190,전북특별자치도 남원시,사매지구,5219038029100500000,08,324.00,현실경계로 설정,26850,1,0,30.0200,9.27,9.27,15,목조,11,단독주택
4551,2020,52190,전북특별자치도 남원시,사매지구,5219038029100520000,08,651.00,현실경계로 설정,26851,1,0,55.2000,8.18,8.18,07,목구조,11,단독주택
4551,2020,52190,전북특별자치도 남원시,사매지구,5219038029100530000,08,582.00,현실경계(담장선)로 설정,26853,1,0,48.2000,8.28,8.28,15,목조,11,단독주택
4551,2020,52190,전북특별자치도 남원시,사매지구,5219038029100530000,08,582.00,현실경계(담장선)로 설정,26852,1,0,85.0000,14.60,14.60,15,목조,11,단독주택
4551,2020,52190,전북특별자치도 남원시,사매지구,5219038029100540000,08,400.00,현실경계(담장선)로 설정,26855,1,0,50.0000,12.50,12.50,07,목구조,11,단독주택
4551,2020,52190,전북특별자치도 남원시,사매지구,5219038029100540000,08,400.00,현실경계(담장선)로 설정,26854,1,0,144.0700,36.01,36.01,07,목구조,11,단독주택
4551,2020,52190,전북특별자치도 남원시,사매지구,5219038029100550000,08,310.00,현실경계(담장선)로 설정,100223075,1,0,99.3800,32.06,32.06,04,철골,11,단독주택
4551,2020,52190,전북특별자치도 남원시,사매지구,5219038029100600000,08,228.00,현실경계로 설정,26857,1,0,53.8200,23.60,23.60,15,목조,11,단독주택
4551,2020,52190,전북특별자치도 남원시,사매지구,5219038029100610000,08,340.00,현실경계(담장선)로 설정,26858,1,0,46.7000,13.73,13.73,15,목조,11,단독주택
4551,2020,52190,전북특별자치도 남원시,사매지구,5219038029100610000,08,340.00,현실경계(담장선)로 설정,26859,1,0,44.8000,13.17,13.18,15,목조,11,단독주택
4551,2020,52190,전북특별자치도 남원시,사매지구,5219038029100610000,08,340.00,현실경계(담장선)로 설정,26860,1,0,32.0000,9.41,9.41,15,목조,11,단독주택
4551,2020,52190,전북특별자치도 남원시,사매지구,5219038029100660008,25,198.00,면적유지,26862,1,0,62.1000,31.36,31.36,15,목조,99,기타
4551,2020,52190,전북특별자치도 남원시,사매지구,5219038029100680000,08,555.00,현실경계로 설정,26863,1,0,136.4900,24.59,24.59,15,목조,11,단독주택
4551,2020,52190,전북특별자치도 남원시,사매지구,5219038029100690002,08,436.00,현싱경계(담장)로 설정,26864,1,0,69.1800,15.86,15.86,15,목조,11,단독주택
4551,2020,52190,전북특별자치도 남원시,사매지구,5219038029100720001,08,327.00,현실경계로 설정,26866,1,0,85.8000,49.02,49.02,15,목조,11,단독주택
4551,2020,52190,전북특별자치도 남원시,사매지구,5219038029100730001,08,145.00,현실경계로 설정,26867,1,0,48.4400,33.40,33.40,15,목조,11,단독주택
4551,2020,52190,전북특별자치도 남원시,사매지구,5219038029100750000,08,783.00,현실경계로 설정,26868,1,0,158.2900,20.21,20.21,15,목조,11,단독주택
4551,2020,52190,전북특별자치도 남원시,사매지구,5219038029100760001,08,380.00,현실경계로 설정,26869,1,0,84.5300,22.24,21.19,11,보강콘크리트,11,단독주택
4551,2020,52190,전북특별자치도 남원시,사매지구,5219038029100770001,01,301.00,현실경계로 설정,26870,1,0,183.4000,60.93,60.93,15,목조,99,기타
4551,2020,52190,전북특별자치도 남원시,사매지구,5219038029100850002,08,516.00,현실경계로 설정,100233888,1,0,149.5200,28.98,28.98,14,시멘트벽돌조,99,기타
4551,2020,52190,전북특별자치도 남원시,사매지구,5219038029100860000,08,387.00,현실경계로 설정,26873,1,0,91.4500,23.63,23.63,15,목조,11,단독주택
4551,2020,52190,전북특별자치도 남원시,사매지구,5219038029100900000,08,322.00,현실경계로 설정,26874,1,0,81.8100,25.40,25.40,15,목조,11,단독주택
4551,2020,52190,전북특별자치도 남원시,사매지구,5219038029100920000,08,417.00,현실경계로 설정,26876,1,0,66.0800,15.84,15.84,15,목조,11,단독주택
4551,2020,52190,전북특별자치도 남원시,사매지구,5219038029100920000,08,417.00,현실경계로 설정,26877,1,0,73.5400,17.63,17.63,15,목조,11,단독주택
4551,2020,52190,전북특별자치도 남원시,사매지구,5219038029100920000,08,417.00,현실경계로 설정,26878,1,0,47.1000,11.29,11.29,15,목조,11,단독주택
4551,2020,52190,전북특별자치도 남원시,사매지구,5219038029101110000,28,356.00,면적유지,26881,1,0,101.2500,28.44,28.44,22,철파이프조,52,창고시설
4551,2020,52190,전북특별자치도 남원시,사매지구,5219038029101230000,08,391.00,현실경계로 설정,26883,1,0,123.0100,31.46,31.46,15,목조,11,단독주택
4551,2020,52190,전북특별자치도 남원시,사매지구,5219038029101230001,08,151.00,현실경계로 설정,26884,1,0,49.7800,32.96,32.96,15,목조,11,단독주택
4551,2020,52190,전북특별자치도 남원시,사매지구,5219038029101250000,08,407.00,면적유지,26885,1,0,91.8500,22.56,22.56,15,목조,11,단독주택
4551,2020,52190,전북특별자치도 남원시,사매지구,5219038029101380000,08,466.00,현실경계로 설정,26891,1,0,16.0000,17.68,17.68,15,목조,11,단독주택
4551,2020,52190,전북특별자치도 남원시,사매지구,5219038029101380000,08,466.00,현실경계로 설정,26890,1,0,126.4300,27.13,24.27,15,목조,11,단독주택
4551,2020,52190,전북특별자치도 남원시,사매지구,5219038029101390000,08,446.00,현실경계로 설정,26893,1,0,64.5800,14.47,14.47,14,시멘트벽돌조,52,창고시설
4551,2020,52190,전북특별자치도 남원시,사매지구,5219038029101390000,08,446.00,현실경계로 설정,26893,1,0,64.5800,14.47,14.47,15,목조,11,단독주택
4551,2020,52190,전북특별자치도 남원시,사매지구,5219038029101390000,08,446.00,현실경계로 설정,26892,1,0,86.4200,19.38,19.38,14,시멘트벽돌조,52,창고시설
4551,2020,52190,전북특별자치도 남원시,사매지구,5219038029101390000,08,446.00,현실경계로 설정,26892,1,0,86.4200,19.38,19.38,15,목조,11,단독주택
4551,2020,52190,전북특별자치도 남원시,사매지구,5219038029101420000,08,387.00,면적유지,26895,1,0,74.4000,19.22,19.22,15,목조,11,단독주택
4551,2020,52190,전북특별자치도 남원시,사매지구,5219038029101490000,08,509.00,현실경계로 설정,26896,1,0,93.3400,18.34,17.40,14,시멘트벽돌조,11,단독주택
4551,2020,52190,전북특별자치도 남원시,사매지구,5219038029101500000,08,585.00,현실경계로 설정,26897,1,0,33.6000,5.74,5.74,15,목조,11,단독주택
4551,2020,52190,전북특별자치도 남원시,사매지구,5219038029101510000,08,506.00,현실경계로 설정,26898,1,0,98.8600,19.53,19.53,15,목조,11,단독주택
4551,2020,52190,전북특별자치도 남원시,사매지구,5219038029101540000,08,456.00,현실경계로 설정,26901,1,0,142.7300,31.30,31.30,15,목조,11,단독주택
4551,2020,52190,전북특별자치도 남원시,사매지구,5219038029101540000,08,456.00,현실경계로 설정,26900,1,0,46.4600,10.18,10.18,15,목조,11,단독주택
4551,2020,52190,전북특별자치도 남원시,사매지구,5219038029101550002,08,340.00,현실경계로 설정,26902,1,0,73.4300,21.59,21.59,15,목조,11,단독주택
4551,2020,52190,전북특별자치도 남원시,사매지구,5219038029101560001,08,426.00,현실경계로 설정,26903,1,0,90.0200,21.13,21.13,15,목조,11,단독주택
4551,2020,52190,전북특별자치도 남원시,사매지구,5219038029101560003,08,579.00,현실경계로 설정,26904,1,0,116.8100,20.17,20.17,15,목조,11,단독주택
4551,2020,52190,전북특별자치도 남원시,사매지구,5219038029101580009,08,518.00,현실경계로 설정,26908,1,0,121.0400,23.36,23.36,14,시멘트벽돌조,11,단독주택
4551,2020,52190,전북특별자치도 남원시,사매지구,5219038029101770000,08,493.00,현실경계로 설정,26910,1,0,61.3600,12.44,12.44,15,목조,11,단독주택
4551,2020,52190,전북특별자치도 남원시,사매지구,5219038029101780000,08,945.00,면적유지,26911,1,0,48.8000,5.16,5.16,15,목조,99,기타
4551,2020,52190,전북특별자치도 남원시,사매지구,5219038029101820000,08,195.00,현실경계로 설정,26913,1,0,28.8000,14.77,14.77,15,목조,11,단독주택
4551,2020,52190,전북특별자치도 남원시,사매지구,5219038029101830000,08,367.00,현실경계로 설정,26914,1,0,103.4900,28.20,26.64,14,시멘트벽돌조,11,단독주택
4551,2020,52190,전북특별자치도 남원시,사매지구,5219038029101840000,08,476.00,면적유지,26915,1,0,92.1100,19.35,19.35,15,목조,11,단독주택
4551,2020,52190,전북특별자치도 남원시,사매지구,5219038029101850000,08,436.00,현실경계로 설정,1357,1,0,112.0800,17.00,26.73,15,목조,11,단독주택
4551,2020,52190,전북특별자치도 남원시,사매지구,5219038029101850000,08,436.00,현실경계로 설정,26917,1,0,46.0800,17.00,17.00,15,목조,11,단독주택
4551,2020,52190,전북특별자치도 남원시,사매지구,5219038029101850000,08,436.00,현실경계로 설정,26916,1,0,70.5000,25.70,26.73,15,목조,11,단독주택
4551,2020,52190,전북특별자치도 남원시,사매지구,5219038029107610000,08,639.30,현실경계로 설정,26964,1,0,171.0000,42.65,42.18,01,철골철근콘크리트,11,단독주택
4551,2020,52190,전북특별자치도 남원시,사매지구,5219038029107610000,08,639.30,현실경계로 설정,1485,1,0,272.7000,42.65,42.18,01,철골철근콘크리트,11,단독주택
4551,2020,52190,전북특별자치도 남원시,사매지구,5219038029107610000,08,639.30,현실경계로 설정,26965,1,0,98.7000,15.43,15.43,01,철골철근콘크리트,11,단독주택
4271,2020,52750,전북특별자치도 임실군,구고지구,5275031022101110000,10,21978.00,토지의 현실경계,2694,2,0,1779.7000,7.95,13.48,03,철근콘크리트,38,교육연구시설
4271,2020,52750,전북특별자치도 임실군,구고지구,5275031022101110000,10,21978.00,토지의 현실경계,2694,2,0,1779.7000,7.95,13.48,03,철근콘크리트,41,운동시설
4271,2020,52750,전북특별자치도 임실군,구고지구,5275031022101110000,10,21978.00,토지의 현실경계,2694,2,0,1779.7000,7.95,13.48,03,철근콘크리트,52,창고시설
4271,2020,52750,전북특별자치도 임실군,구고지구,5275031022101110000,10,21978.00,토지의 현실경계,2694,2,0,1779.7000,7.95,13.48,03,철근콘크리트,52,창고시설
4271,2020,52750,전북특별자치도 임실군,구고지구,5275031022101110000,10,21978.00,토지의 현실경계,2694,2,0,1779.7000,7.95,13.48,03,철근콘크리트,52,창고시설
4271,2020,52750,전북특별자치도 임실군,구고지구,5275031022101110000,10,21978.00,토지의 현실경계,2694,2,0,1779.7000,7.95,13.48,03,철근콘크리트,38,교육연구시설
4271,2020,52750,전북특별자치도 임실군,구고지구,5275031022101710001,08,231.00,토지의 현실경계,2697,1,0,29.7000,0.00,0.00,14,시멘트벽돌조,11,단독주택
4271,2020,52750,전북특별자치도 임실군,구고지구,5275031022101710001,08,231.00,토지의 현실경계,2697,1,0,29.7000,0.00,0.00,16,시멘트블럭조,52,창고시설
4271,2020,52750,전북특별자치도 임실군,구고지구,5275031022101710001,08,231.00,토지의 현실경계,2697,1,0,29.7000,0.00,0.00,15,목조,52,창고시설
4271,2020,52750,전북특별자치도 임실군,구고지구,5275031022101710002,08,1700.00,토지의 현실경계,100177341,1,0,811.2100,0.00,42.21,14,시멘트벽돌조,52,창고시설
4271,2020,52750,전북특별자치도 임실군,구고지구,5275031022101710002,08,1700.00,토지의 현실경계,100177341,1,0,811.2100,0.00,42.21,14,시멘트벽돌조,52,창고시설
4271,2020,52750,전북특별자치도 임실군,구고지구,5275031022101710002,08,1700.00,토지의 현실경계,100177341,1,0,811.2100,0.00,42.21,14,시멘트벽돌조,11,단독주택
4271,2020,52750,전북특별자치도 임실군,구고지구,5275031022101710012,08,415.00,토지의 현실경계,2702,1,0,124.7200,30.05,30.05,15,목조,11,단독주택
4271,2020,52750,전북특별자치도 임실군,구고지구,5275031022101970001,09,4546.00,토지의 현실경계,28,1,0,1402.2100,0.00,24.50,14,시멘트벽돌조,52,창고시설
4271,2020,52750,전북특별자치도 임실군,구고지구,5275031022101970001,09,4546.00,토지의 현실경계,28,1,0,1402.2100,0.00,24.50,14,시멘트벽돌조,42,업무시설
4271,2020,52750,전북특별자치도 임실군,구고지구,5275031022101970001,09,4546.00,토지의 현실경계,28,1,0,1402.2100,0.00,24.50,04,철골,51,공장
4271,2020,52750,전북특별자치도 임실군,구고지구,5275031022101970001,09,4546.00,토지의 현실경계,28,1,0,1402.2100,0.00,24.50,04,철골,51,공장
4271,2020,52750,전북특별자치도 임실군,구고지구,5275031022101970001,09,4546.00,토지의 현실경계,28,1,0,1402.2100,0.00,24.50,01,철골철근콘크리트,51,공장
4271,2020,52750,전북특별자치도 임실군,구고지구,5275031022101970001,09,4546.00,토지의 현실경계,28,1,0,1402.2100,0.00,24.50,04,철골,51,공장
4271,2020,52750,전북특별자치도 임실군,구고지구,5275031022102050000,08,733.00,토지의 현실경계,2711,1,0,115.4500,16.56,16.56,18,조립식판넬조,52,창고시설
4271,2020,52750,전북특별자치도 임실군,구고지구,5275031022102050000,08,733.00,토지의 현실경계,2711,1,0,115.4500,16.56,16.56,17,경량철골조,52,창고시설
4271,2020,52750,전북특별자치도 임실군,구고지구,5275031022102050000,08,733.00,토지의 현실경계,2711,1,0,115.4500,16.56,16.56,14,시멘트벽돌조,11,단독주택
4271,2020,52750,전북특별자치도 임실군,구고지구,5275031022102050002,08,723.00,토지의 현실경계,2712,1,0,330.0000,45.64,45.64,03,철근콘크리트,52,창고시설
4271,2020,52750,전북특별자치도 임실군,구고지구,5275031022102050006,08,440.00,토지의 현실경계,2714,1,0,81.6300,18.55,18.55,14,시멘트벽돌조,11,단독주택
4271,2020,52750,전북특별자치도 임실군,구고지구,5275031022102110002,08,737.00,토지의 현실경계,2715,1,0,94.4000,12.80,12.80,17,경량철골조,52,창고시설
4271,2020,52750,전북특별자치도 임실군,구고지구,5275031022102110002,08,737.00,토지의 현실경계,2715,1,0,94.4000,12.80,12.80,15,목조,11,단독주택
4271,2020,52750,전북특별자치도 임실군,구고지구,5275031022102150000,08,247.00,217-3 함께사용 소유자 다름,100190111,1,0,99.8900,40.44,40.44,10,연와조,11,단독주택
4271,2020,52750,전북특별자치도 임실군,구고지구,5275031022102180001,08,725.00,토지의 현실경계,100190584,1,0,7.0000,0.97,0.97,17,경량철골조,11,단독주택
4271,2020,52750,전북특별자치도 임실군,구고지구,5275031022102180001,08,725.00,토지의 현실경계,100190584,1,0,7.0000,0.97,0.97,14,시멘트벽돌조,11,단독주택
4271,2020,52750,전북특별자치도 임실군,구고지구,5275031022102180006,08,486.00,토지의 현실경계,2717,1,0,53.0000,10.91,10.91,15,목조,52,창고시설
4271,2020,52750,전북특별자치도 임실군,구고지구,5275031022102190003,08,572.00,토지의 현실경계,254,1,0,232.4600,12.31,40.63,18,조립식판넬조,42,업무시설
4271,2020,52750,전북특별자치도 임실군,구고지구,5275031022102190003,08,572.00,토지의 현실경계,254,1,0,232.4600,12.31,40.63,17,경량철골조,32,제2종근린생활시설
4271,2020,52750,전북특별자치도 임실군,구고지구,5275031022102200003,08,542.00,토지의 현실경계,2725,1,0,96.8100,19.84,18.78,10,연와조,11,단독주택
4271,2020,52750,전북특별자치도 임실군,구고지구,5275031022102200008,08,192.00,토지의 현실경계,2726,1,0,62.8000,32.70,32.70,16,시멘트블럭조,31,제1종근린생활시설
4271,2020,52750,전북특별자치도 임실군,구고지구,5275031022102230006,08,696.00,토지의 현실경계,2731,2,0,256.2300,50.34,62.73,01,철골철근콘크리트,37,의료시설
4271,2020,52750,전북특별자치도 임실군,구고지구,5275031022102230006,08,696.00,토지의 현실경계,100212514,2,0,707.9400,21.79,57.88,01,철골철근콘크리트,37,의료시설
4271,2020,52750,전북특별자치도 임실군,구고지구,5275031022103600001,08,445.00,토지의 현실경계,100182893,1,0,240.0000,43.09,43.09,04,철골,51,공장
4271,2020,52750,전북특별자치도 임실군,구고지구,5275031022103780001,08,337.00,토지의 현실경계,2748,1,0,87.6000,25.99,25.99,15,목조,11,단독주택
4271,2020,52750,전북특별자치도 임실군,구고지구,5275031022103880001,08,586.00,토지의 현실경계,2753,1,0,100.8000,17.20,16.74,10,연와조,39,노유자시설
4271,2020,52750,전북특별자치도 임실군,구고지구,5275031022103910002,08,549.00,토지의 현실경계,2755,1,0,89.7000,16.33,16.33,15,목조,11,단독주택
4271,2020,52750,전북특별자치도 임실군,구고지구,5275031022103910002,08,549.00,토지의 현실경계,2755,1,0,89.7000,16.33,16.33,15,목조,11,단독주택
4271,2020,52750,전북특별자치도 임실군,구고지구,5275031022103920002,08,360.00,토지의 현실경계,2757,1,0,116.6000,35.21,30.03,10,연와조,11,단독주택
4271,2020,52750,전북특별자치도 임실군,구고지구,5275031022103970001,08,705.00,토지의 현실경계,100200160,1,0,194.8600,27.64,27.64,14,시멘트벽돌조,11,단독주택
4271,2020,52750,전북특별자치도 임실군,구고지구,5275031022103970004,08,102.00,토지의 현실경계,100175584,1,0,16.5000,16.17,16.17,17,경량철골조,52,창고시설
4271,2020,52750,전북특별자치도 임실군,구고지구,5275031022104100003,08,208.00,토지의 현실경계,2765,1,0,113.8000,54.71,54.71,21,컨테이너건물,32,제2종근린생활시설
4271,2020,52750,전북특별자치도 임실군,구고지구,5275031022104100006,08,331.00,토지의 현실경계,100208429,1,0,93.7200,28.31,28.31,14,시멘트벽돌조,11,단독주택
4271,2020,52750,전북특별자치도 임실군,구고지구,5275031022104120001,08,199.00,토지의 현실경계,100191953,2,0,114.8700,57.72,51.74,10,연와조,11,단독주택
4271,2020,52750,전북특별자치도 임실군,구고지구,5275031022104120008,08,132.00,토지의 현실경계,2767,2,0,66.7800,44.81,87.62,10,연와조,61,
4271,2020,52750,전북특별자치도 임실군,구고지구,5275031022104120009,08,330.00,토지의 현실경계,2768,1,0,105.0000,35.35,35.35,07,목구조,61,
4271,2020,52750,전북특별자치도 임실군,구고지구,5275031022104120009,08,330.00,토지의 현실경계,2768,1,0,105.0000,35.35,35.35,21,컨테이너건물,52,창고시설
4271,2020,52750,전북특별자치도 임실군,구고지구,5275031022104130001,08,287.00,토지의 현실경계,2769,1,0,126.0000,25.20,25.20,14,시멘트벽돌조,61,
4271,2020,52750,전북특별자치도 임실군,구고지구,5275031022104130008,08,241.00,토지의 현실경계,2771,1,0,282.1400,39.24,39.24,07,목구조,11,단독주택
4271,2020,52750,전북특별자치도 임실군,구고지구,5275031022104130012,08,237.00,토지의 현실경계,100202582,1,0,132.1200,0.00,56.70,10,연와조,61,
4271,2020,52750,전북특별자치도 임실군,구고지구,5275031022104140001,08,323.00,토지의 현실경계,2775,2,0,194.3500,59.62,114.02,03,철근콘크리트,61,
4271,2020,52750,전북특별자치도 임실군,구고지구,5275031022104140003,08,471.00,토지의 현실경계,2776,1,0,147.1300,29.84,29.84,03,철근콘크리트,42,업무시설
4271,2020,52750,전북특별자치도 임실군,구고지구,5275031022104140006,08,671.00,토지의 현실경계,2777,1,0,65.0000,9.68,9.68,16,시멘트블럭조,31,제1종근린생활시설
4271,2020,52750,전북특별자치도 임실군,구고지구,5275031022104140006,08,671.00,토지의 현실경계,2777,1,0,65.0000,9.68,9.68,14,시멘트벽돌조,11,단독주택
4271,2020,52750,전북특별자치도 임실군,구고지구,5275031022104140006,08,671.00,토지의 현실경계,2777,1,0,65.0000,9.68,9.68,15,목조,52,창고시설
4271,2020,52750,전북특별자치도 임실군,구고지구,5275031022104140009,08,349.00,토지의 현실경계,100198500,1,0,130.5000,37.39,37.39,10,연와조,61,
4271,2020,52750,전북특별자치도 임실군,구고지구,5275031022104160004,08,411.00,토지의 현실경계,551,1,0,238.7000,0.00,86.27,03,철근콘크리트,61,
4271,2020,52750,전북특별자치도 임실군,구고지구,5275031022104160004,08,411.00,토지의 현실경계,551,1,0,238.7000,0.00,86.27,03,철근콘크리트,61,
4271,2020,52750,전북특별자치도 임실군,구고지구,5275031022104160006,08,324.00,토지의 현실경계,2789,1,0,58.0000,17.90,17.90,16,시멘트블럭조,52,창고시설
4271,2020,52750,전북특별자치도 임실군,구고지구,5275031022104160006,08,324.00,토지의 현실경계,2789,1,0,58.0000,17.90,17.90,07,목구조,11,단독주택
4271,2020,52750,전북특별자치도 임실군,구고지구,5275031022104160006,08,324.00,토지의 현실경계,2789,1,0,58.0000,17.90,17.90,15,목조,52,창고시설
4271,2020,52750,전북특별자치도 임실군,구고지구,5275031022104160006,08,324.00,토지의 현실경계,2789,1,0,58.0000,17.90,17.90,16,시멘트블럭조,52,창고시설
4271,2020,52750,전북특별자치도 임실군,구고지구,5275031022104170001,08,189.00,토지의 현실경계,2790,1,0,92.2800,43.73,43.73,10,연와조,61,
4271,2020,52750,전북특별자치도 임실군,구고지구,5275031022104170003,08,314.00,토지의 현실경계,2792,1,0,146.8800,46.18,46.18,03,철근콘크리트,42,업무시설
4271,2020,52750,전북특별자치도 임실군,구고지구,5275031022104180004,08,301.00,토지의 현실경계,2794,1,0,120.0000,40.73,40.73,03,철근콘크리트,61,
4271,2020,52750,전북특별자치도 임실군,구고지구,5275031022104190004,08,129.00,토지의 현실경계,2795,2,0,92.3000,0.00,0.00,03,철근콘크리트,61,
4271,2020,52750,전북특별자치도 임실군,구고지구,5275031022104190005,08,172.00,토지의 현실경계,2796,1,0,92.2400,57.38,56.60,10,연와조,61,
4271,2020,52750,전북특별자치도 임실군,구고지구,5275031022104200001,08,597.00,토지의 현실경계,100183280,1,0,103.9000,17.40,16.38,10,연와조,11,단독주택
4271,2020,52750,전북특별자치도 임실군,구고지구,5275031022104210001,08,308.00,토지의 현실경계,2800,1,0,77.0000,25.00,25.00,03,철근콘크리트,62,
4271,2020,52750,전북특별자치도 임실군,구고지구,5275031022104220009,08,89.00,토지의 현실경계,2801,1,0,74.7500,83.98,83.98,15,목조,61,
4271,2020,52750,전북특별자치도 임실군,구고지구,5275031022104250003,08,314.00,토지의 현실경계,2802,1,0,60.3000,19.20,19.20,07,목구조,11,단독주택
4271,2020,52750,전북특별자치도 임실군,구고지구,5275031022104260011,08,298.00,토지의 현실경계,2804,1,0,84.2900,28.28,28.28,10,연와조,11,단독주택
4271,2020,52750,전북특별자치도 임실군,구고지구,5275031022104260012,08,204.00,토지의 현실경계,100193594,1,0,101.8000,49.90,45.70,03,철근콘크리트,11,단독주택
4271,2020,52750,전북특별자치도 임실군,구고지구,5275031022104280003,08,443.00,토지의 현실경계,2806,1,0,114.9800,25.95,25.95,07,목구조,11,단독주택
4271,2020,52750,전북특별자치도 임실군,구고지구,5275031022104290004,08,340.00,토지의 현실경계,2808,1,0,340.0000,28.52,28.52,15,목조,51,공장
4271,2020,52750,전북특별자치도 임실군,구고지구,5275031022104290004,08,340.00,토지의 현실경계,2808,1,0,340.0000,28.52,28.52,07,목구조,52,창고시설
4271,2020,52750,전북특별자치도 임실군,구고지구,5275031022104290004,08,340.00,토지의 현실경계,2808,1,0,340.0000,28.52,28.52,14,시멘트벽돌조,11,단독주택
4271,2020,52750,전북특별자치도 임실군,구고지구,5275031022104290005,08,364.00,토지의 현실경계,100175873,1,0,116.9750,32.13,27.00,10,연와조,11,단독주택
4271,2020,52750,전북특별자치도 임실군,구고지구,5275031022104340009,08,410.00,토지의 현실경계,100173737,1,0,104.7100,25.53,24.38,14,시멘트벽돌조,31,제1종근린생활시설
4271,2020,52750,전북특별자치도 임실군,구고지구,5275031022104360002,08,314.00,토지의 현실경계,2812,2,0,43.8000,25.22,25.22,16,시멘트블럭조,11,단독주택
4271,2020,52750,전북특별자치도 임실군,구고지구,5275031022104400001,08,780.00,토지의 현실경계,2814,1,0,45.0000,5.76,5.76,10,연와조,11,단독주택
4271,2020,52750,전북특별자치도 임실군,구고지구,5275031022104410001,08,228.00,토지의 현실경계,2815,1,0,84.0600,45.70,43.32,14,시멘트벽돌조,11,단독주택
4271,2020,52750,전북특별자치도 임실군,구고지구,5275031022104430000,08,402.00,토지의 현실경계,2816,1,0,94.5000,19.33,19.33,15,목조,11,단독주택
4271,2020,52750,전북특별자치도 임실군,구고지구,5275031022104440000,08,179.00,토지의 현실경계,100189124,1,0,81.8200,45.71,43.66,14,시멘트벽돌조,11,단독주택
4271,2020,52750,전북특별자치도 임실군,구고지구,5275031022104480000,08,597.00,토지의 현실경계,100207840,1,0,137.8100,23.08,21.96,10,연와조,11,단독주택
4271,2020,52750,전북특별자치도 임실군,구고지구,5275031022104530007,08,932.00,토지의 현실경계,100186564,2,0,124.5200,12.94,11.74,03,철근콘크리트,11,단독주택
4271,2020,52750,전북특별자치도 임실군,구고지구,5275031022104660001,08,268.00,토지의 현실경계,2820,1,0,92.7000,34.58,34.58,07,목구조,11,단독주택
4271,2020,52750,전북특별자치도 임실군,구고지구,5275031022104690001,08,281.00,토지의 현실경계,2821,1,0,29.3000,16.09,16.09,10,연와조,11,단독주택
4271,2020,52750,전북특별자치도 임실군,구고지구,5275031022104720000,08,435.00,토지의 현실경계,100174089,1,0,49.3200,11.34,11.34,17,경량철골조,11,단독주택
4271,2020,52750,전북특별자치도 임실군,구고지구,5275031022104770000,08,486.00,토지의 현실경계,2825,1,0,97.9200,20.14,19.11,10,연와조,11,단독주택
4271,2020,52750,전북특별자치도 임실군,구고지구,5275031022104780000,08,407.00,토지의 현실경계,2826,1,0,28.5000,7.00,7.00,07,목구조,11,단독주택
4271,2020,52750,전북특별자치도 임실군,구고지구,5275031022104790001,08,281.00,토지의 현실경계,2827,1,0,78.4000,27.90,27.90,16,시멘트블럭조,11,단독주택
4271,2020,52750,전북특별자치도 임실군,구고지구,5275031022104800000,08,284.00,토지의 현실경계,2828,1,0,35.7000,12.57,12.57,15,목조,11,단독주택
4271,2020,52750,전북특별자치도 임실군,구고지구,5275031022104860003,08,350.00,토지의 현실경계,2831,1,0,114.9800,32.85,31.45,10,연와조,11,단독주택
4271,2020,52750,전북특별자치도 임실군,구고지구,5275031022104860007,08,334.00,토지의 현실경계,100188444,1,0,85.1000,25.48,25.48,10,연와조,11,단독주택
4271,2020,52750,전북특별자치도 임실군,구고지구,5275031022104910001,08,375.00,토지의 현실경계,2832,1,0,56.6000,14.89,14.89,16,시멘트블럭조,11,단독주택
4271,2020,52750,전북특별자치도 임실군,구고지구,5275031022105070000,08,541.00,토지의 현실경계,2833,1,0,86.0800,15.31,15.31,10,연와조,11,단독주택
4271,2020,52750,전북특별자치도 임실군,구고지구,5275031022105080003,08,583.00,토지의 현실경계,100173656,1,0,135.2600,24.50,24.50,03,철근콘크리트,11,단독주택
4271,2020,52750,전북특별자치도 임실군,구고지구,5275031022105090001,08,712.00,토지의 현실경계,100198840,1,0,118.8800,16.44,16.44,04,철골,52,창고시설
4271,2020,52750,전북특별자치도 임실군,구고지구,5275031022105110003,08,522.00,토지의 현실경계,192,2,0,117.9300,0.00,24.87,16,시멘트블럭조,11,단독주택
4271,2020,52750,전북특별자치도 임실군,구고지구,5275031022105120000,08,439.00,토지의 현실경계,2837,1,0,63.5000,14.46,14.46,15,목조,11,단독주택
4271,2020,52750,전북특별자치도 임실군,구고지구,5275031022105140000,08,317.00,토지의 현실경계,2838,1,0,84.4200,26.63,26.63,10,연와조,11,단독주택
4271,2020,52750,전북특별자치도 임실군,구고지구,5275031022105160000,08,358.00,토지의 현실경계,100195234,1,0,29.8000,9.90,9.90,14,시멘트벽돌조,11,단독주택
4271,2020,52750,전북특별자치도 임실군,구고지구,5275031022105190003,08,133.00,토지의 현실경계,2840,1,0,62.5500,23.60,23.60,17,경량철골조,11,단독주택
4271,2020,52750,전북특별자치도 임실군,구고지구,5275031022105200001,08,1695.00,토지의 현실경계,88,2,0,616.9300,0.00,50.09,10,연와조,34,종교시설
4271,2020,52750,전북특별자치도 임실군,구고지구,5275031022105200009,08,547.00,토지의 현실경계,104,1,0,205.2600,0.00,37.52,10,연와조,31,제1종근린생활시설
4271,2020,52750,전북특별자치도 임실군,구고지구,5275031022105330000,08,620.00,토지의 현실경계,100208307,2,0,139.2900,22.47,25.83,04,철골,11,단독주택
4271,2020,52750,전북특별자치도 임실군,구고지구,5275031022105490003,08,717.00,토지의 현실경계,2849,1,0,126.6000,23.22,23.22,14,시멘트벽돌조,42,업무시설
4271,2020,52750,전북특별자치도 임실군,구고지구,5275031022105790002,08,274.00,토지의 현실경계,2852,1,0,48.3000,17.60,17.60,10,연와조,11,단독주택
4271,2020,52750,전북특별자치도 임실군,구고지구,5275031022105970007,08,60.00,토지의 현실경계,100176915,1,0,16.5000,28.94,28.94,17,경량철골조,52,창고시설
4271,2020,52750,전북특별자치도 임실군,구고지구,5275031022105980003,08,245.00,토지의 현실경계,2855,2,0,202.1000,82.48,82.45,03,철근콘크리트,31,제1종근린생활시설
4271,2020,52750,전북특별자치도 임실군,구고지구,5275031022106000002,08,542.00,토지의 현실경계,97,1,0,118.1400,0.00,21.79,16,시멘트블럭조,11,단독주택
4271,2020,52750,전북특별자치도 임실군,구고지구,5275031022106000003,08,598.00,토지의 현실경계,100174992,1,0,134.9300,9.37,9.37,10,연와조,11,단독주택
4271,2020,52750,전북특별자치도 임실군,구고지구,5275031022106000003,08,598.00,토지의 현실경계,100174992,1,0,134.9300,9.37,9.37,17,경량철골조,99,기타
4271,2020,52750,전북특별자치도 임실군,구고지구,5275031022106020006,28,293.00,토지의 현실경계,2860,1,0,64.4700,22.00,22.00,14,시멘트벽돌조,32,제2종근린생활시설
4271,2020,52750,전북특별자치도 임실군,구고지구,5275031022106030000,08,617.00,토지의 현실경계,100207823,1,0,82.8900,13.43,12.56,10,연와조,11,단독주택
4271,2020,52750,전북특별자치도 임실군,구고지구,5275031022106130003,08,60.00,토지의 현실경계,100176992,1,0,16.5000,27.50,27.50,17,경량철골조,52,창고시설
4271,2020,52750,전북특별자치도 임실군,구고지구,5275031022106390004,08,218.00,토지의 현실경계,2867,1,0,64.7800,29.72,29.72,15,목조,11,단독주택
4271,2020,52750,전북특별자치도 임실군,구고지구,5275031022106390005,08,64.00,토지의 현실경계,100175549,1,0,16.5000,25.78,25.78,17,경량철골조,52,창고시설
4271,2020,52750,전북특별자치도 임실군,구고지구,5275031022106450002,08,579.00,토지의 현실경계,2869,1,0,81.0000,19.82,13.98,15,목조,11,단독주택
4271,2020,52750,전북특별자치도 임실군,구고지구,5275031022106470001,08,585.00,토지의 현실경계,2871,1,0,97.2000,15.06,15.06,15,목조,11,단독주택
4271,2020,52750,전북특별자치도 임실군,구고지구,5275031022106490000,08,1492.00,토지의 현실경계,100173913,1,0,274.5000,0.00,18.39,07,목구조,11,단독주택
4271,2020,52750,전북특별자치도 임실군,구고지구,5275031022106510002,08,169.00,토지의 현실경계,2872,1,0,84.6100,50.06,50.06,15,목조,11,단독주택
4271,2020,52750,전북특별자치도 임실군,구고지구,5275031022106520010,08,122.00,토지의 현실경계,2874,1,0,41.4500,33.97,33.97,02,통나무,32,제2종근린생활시설
4271,2020,52750,전북특별자치도 임실군,구고지구,5275031022106520018,08,60.00,토지의 현실경계,100175294,1,0,16.5000,27.50,27.50,17,경량철골조,52,창고시설
4271,2020,52750,전북특별자치도 임실군,구고지구,5275031022106530002,08,149.00,토지의 현실경계,2875,1,0,60.2000,40.40,40.40,15,목조,11,단독주택
4271,2020,52750,전북특별자치도 임실군,구고지구,5275031022106660005,08,65.00,토지의 현실경계,100176372,1,0,16.5000,25.38,25.38,21,컨테이너건물,52,창고시설
4271,2020,52750,전북특별자치도 임실군,구고지구,5275031022106680000,08,377.00,토지의 현실경계,2879,1,0,93.1000,24.69,24.69,10,연와조,11,단독주택
4271,2020,52750,전북특별자치도 임실군,구고지구,5275031022106720000,08,1402.00,토지의 현실경계,100182453,1,0,98.8600,7.05,7.05,10,연와조,11,단독주택
4271,2020,52750,전북특별자치도 임실군,구고지구,5275031022106780000,08,387.00,토지의 현실경계,2881,1,0,91.8000,23.73,23.73,07,목구조,11,단독주택
4271,2020,52750,전북특별자치도 임실군,구고지구,5275031022106780001,08,768.00,토지의 현실경계,100197401,1,0,57.9700,0.00,0.00,07,목구조,52,창고시설
4271,2020,52750,전북특별자치도 임실군,구고지구,5275031022106810001,08,387.00,토지의 현실경계,2883,1,0,84.0000,21.70,21.70,15,목조,11,단독주택
4271,2020,52750,전북특별자치도 임실군,구고지구,5275031022106890001,08,456.00,토지의 현실경계,2885,1,0,96.1300,17.80,17.80,10,연와조,11,단독주택
4271,2020,52750,전북특별자치도 임실군,구고지구,5275031022106890004,08,84.00,토지의 현실경계,100175293,1,0,16.5000,19.64,19.64,21,컨테이너건물,52,창고시설
4271,2020,52750,전북특별자치도 임실군,구고지구,5275031022106940002,08,579.00,토지의 현실경계,2886,1,0,82.6700,15.86,15.86,15,목조,11,단독주택
4271,2020,52750,전북특별자치도 임실군,구고지구,5275031022107060000,08,271.00,토지의 현실경계,100185501,1,0,107.8500,39.80,32.99,10,연와조,11,단독주택
4271,2020,52750,전북특별자치도 임실군,구고지구,5275031022107160000,08,711.00,토지의 현실경계,2890,1,0,86.8200,12.21,12.21,15,목조,11,단독주택
4271,2020,52750,전북특별자치도 임실군,구고지구,5275031022107220001,08,439.00,토지의 현실경계,2891,1,0,139.8000,31.85,31.85,07,목구조,11,단독주택
4271,2020,52750,전북특별자치도 임실군,구고지구,5275031022110460018,08,196.00,토지의 현실경계,2899,1,0,61.0000,29.32,29.32,03,철근콘크리트,32,제2종근린생활시설
4271,2020,52750,전북특별자치도 임실군,구고지구,5275031022110460021,08,193.00,토지의 현실경계,100182872,1,0,89.1700,46.20,43.56,10,연와조,11,단독주택
4271,2020,52750,전북특별자치도 임실군,구고지구,5275031022110460027,08,371.00,토지의 현실경계,2900,1,0,133.9000,34.96,34.96,07,목구조,11,단독주택
4469,2020,52750,전북특별자치도 임실군,후천지구,5275037021104510001,08,463.00,토지의 현실경계,100171545,1,0,154.7500,0.00,33.42,14,시멘트벽돌조,52,창고시설
4469,2020,52750,전북특별자치도 임실군,후천지구,5275037021104510001,08,463.00,토지의 현실경계,100171545,1,0,154.7500,0.00,33.42,10,연와조,11,단독주택
4469,2020,52750,전북특별자치도 임실군,후천지구,5275037021104510001,08,463.00,토지의 현실경계,100171545,1,0,154.7500,0.00,33.42,13,황토조,11,단독주택
4469,2020,52750,전북특별자치도 임실군,후천지구,5275037021104510001,08,463.00,토지의 현실경계,100171545,1,0,154.7500,0.00,33.42,10,연와조,11,단독주택
4469,2020,52750,전북특별자치도 임실군,후천지구,5275037021104530001,08,602.00,토지의 현실경계,100176652,1,0,102.3000,16.99,16.49,10,연와조,11,단독주택
4469,2020,52750,전북특별자치도 임실군,후천지구,5275037021104710000,08,205.00,토지의 현실경계,100196900,1,0,56.4000,27.51,27.51,18,조립식판넬조,11,단독주택
4469,2020,52750,전북특별자치도 임실군,후천지구,5275037021104720001,08,863.00,토지의 현실경계,8138,1,0,68.4400,7.93,7.93,10,연와조,11,단독주택
4469,2020,52750,전북특별자치도 임실군,후천지구,5275037021104770001,08,350.00,토지의 현실경계,8143,1,0,32.8000,9.37,9.37,07,목구조,11,단독주택
4469,2020,52750,전북특별자치도 임실군,후천지구,5275037021105040000,08,1061.00,토지의 현실경계,100182478,1,0,72.2100,6.80,6.80,17,경량철골조,52,창고시설
4469,2020,52750,전북특별자치도 임실군,후천지구,5275037021105040000,08,1061.00,토지의 현실경계,100182478,1,0,72.2100,6.80,6.80,10,연와조,11,단독주택
4469,2020,52750,전북특별자치도 임실군,후천지구,5275037021105170000,08,307.00,토지의 현실경계,606,1,0,53.1000,0.00,17.29,07,목구조,11,단독주택
4469,2020,52750,전북특별자치도 임실군,후천지구,5275037021105170000,08,307.00,토지의 현실경계,606,1,0,53.1000,0.00,17.29,07,목구조,11,단독주택
4469,2020,52750,전북특별자치도 임실군,후천지구,5275037021105250000,08,661.00,토지의 현실경계,8147,1,0,64.8900,9.82,9.82,14,시멘트벽돌조,52,창고시설
4469,2020,52750,전북특별자치도 임실군,후천지구,5275037021105250000,08,661.00,토지의 현실경계,8147,1,0,64.8900,9.82,9.82,15,목조,52,창고시설
4469,2020,52750,전북특별자치도 임실군,후천지구,5275037021105250000,08,661.00,토지의 현실경계,8147,1,0,64.8900,9.82,9.82,10,연와조,11,단독주택
4469,2020,52750,전북특별자치도 임실군,후천지구,5275037021105300000,08,668.00,토지의 현실경계,8148,1,0,135.0400,20.21,20.21,07,목구조,11,단독주택
4469,2020,52750,전북특별자치도 임실군,후천지구,5275037021105300000,08,668.00,토지의 현실경계,8148,1,0,135.0400,20.21,20.21,10,연와조,11,단독주택
4469,2020,52750,전북특별자치도 임실군,후천지구,5275037021105300000,08,668.00,토지의 현실경계,8148,1,0,135.0400,20.21,20.21,14,시멘트벽돌조,52,창고시설
4469,2020,52750,전북특별자치도 임실군,후천지구,5275037021105560002,08,161.00,토지의 현실경계,8154,1,0,107.8900,19.30,19.30,14,시멘트벽돌조,52,창고시설
4469,2020,52750,전북특별자치도 임실군,후천지구,5275037021105570001,08,536.00,토지의 현실경계,8159,1,0,40.3000,0.00,0.00,14,시멘트벽돌조,52,창고시설
4469,2020,52750,전북특별자치도 임실군,후천지구,5275037021105570001,08,536.00,토지의 현실경계,8159,1,0,40.3000,0.00,0.00,14,시멘트벽돌조,11,단독주택
4469,2020,52750,전북특별자치도 임실군,후천지구,5275037021105570001,08,536.00,토지의 현실경계,8159,1,0,40.3000,0.00,0.00,14,시멘트벽돌조,11,단독주택
4469,2020,52750,전북특별자치도 임실군,후천지구,5275037021105590002,08,571.00,토지의 현실경계,8167,1,0,104.9400,18.38,17.33,10,연와조,11,단독주택
4469,2020,52750,전북특별자치도 임실군,후천지구,5275037021105590002,08,571.00,토지의 현실경계,8167,1,0,104.9400,18.38,17.33,17,경량철골조,52,창고시설
4469,2020,52750,전북특별자치도 임실군,후천지구,5275037021105590004,08,351.00,토지의 현실경계,8168,1,0,84.9000,24.10,24.10,17,경량철골조,52,창고시설
4469,2020,52750,전북특별자치도 임실군,후천지구,5275037021105590004,08,351.00,토지의 현실경계,8168,1,0,84.9000,24.10,24.10,10,연와조,11,단독주택
4469,2020,52750,전북특별자치도 임실군,후천지구,5275037021105590009,08,266.00,토지의 현실경계,543,1,0,123.1200,0.00,18.19,10,연와조,11,단독주택
4469,2020,52750,전북특별자치도 임실군,후천지구,5275037021105590023,08,60.00,토지의 현실경계,100176772,1,0,16.5000,27.50,27.50,18,조립식판넬조,52,창고시설
4469,2020,52750,전북특별자치도 임실군,후천지구,5275037021105590024,08,250.00,토지의 현실경계,100182432,1,0,99.6400,39.85,38.39,10,연와조,11,단독주택
4469,2020,52750,전북특별자치도 임실군,후천지구,5275037021105590024,08,250.00,토지의 현실경계,100182432,1,0,99.6400,39.85,38.39,18,조립식판넬조,52,창고시설
4469,2020,52750,전북특별자치도 임실군,후천지구,5275037021105610002,14,119.00,토지의 현실경계,8172,1,0,45.0000,29.00,29.00,14,시멘트벽돌조,52,창고시설
4469,2020,52750,전북특별자치도 임실군,후천지구,5275037021105630001,09,876.00,토지의 현실경계,545,1,0,322.1800,0.00,33.21,18,조립식판넬조,51,공장
4469,2020,52750,전북특별자치도 임실군,후천지구,5275037021105630011,05,66.00,토지의 현실경계,8175,1,0,15.0000,20.55,20.55,15,목조,44,위락시설
4469,2020,52750,전북특별자치도 임실군,후천지구,5275037021105640001,08,273.00,토지의 현실경계,8178,1,0,98.6000,36.12,36.12,10,연와조,11,단독주택
4469,2020,52750,전북특별자치도 임실군,후천지구,5275037021105660002,08,364.00,토지의 현실경계,8179,1,0,113.2500,57.48,57.48,14,시멘트벽돌조,56,자원순환관련시설
4469,2020,52750,전북특별자치도 임실군,후천지구,5275037021105660002,08,364.00,토지의 현실경계,8179,1,0,113.2500,57.48,57.48,14,시멘트벽돌조,11,단독주택
4469,2020,52750,전북특별자치도 임실군,후천지구,5275037021105660002,08,364.00,토지의 현실경계,8179,1,0,113.2500,57.48,57.48,17,경량철골조,52,창고시설
4469,2020,52750,전북특별자치도 임실군,후천지구,5275037021105700001,08,628.00,토지의 현실경계,8187,1,0,153.6500,24.46,21.33,10,연와조,11,단독주택
4469,2020,52750,전북특별자치도 임실군,후천지구,5275037021105700001,08,628.00,토지의 현실경계,8187,1,0,153.6500,24.46,21.33,10,연와조,52,창고시설
4469,2020,52750,전북특별자치도 임실군,후천지구,5275037021106030000,08,944.00,토지의 현실경계,8190,1,0,16.5000,1.70,1.70,18,조립식판넬조,52,창고시설
4469,2020,52750,전북특별자치도 임실군,후천지구,5275037021106030000,08,944.00,토지의 현실경계,8190,1,0,16.5000,1.70,1.70,14,시멘트벽돌조,52,창고시설
4469,2020,52750,전북특별자치도 임실군,후천지구,5275037021106030000,08,944.00,토지의 현실경계,8190,1,0,16.5000,1.70,1.70,18,조립식판넬조,52,창고시설
4469,2020,52750,전북특별자치도 임실군,후천지구,5275037021106050000,25,387.00,토지의 현실경계,8191,2,0,153.9200,39.77,79.55,10,연와조,34,종교시설
4469,2020,52750,전북특별자치도 임실군,후천지구,5275037021106050000,25,387.00,토지의 현실경계,8191,2,0,153.9200,39.77,79.55,18,조립식판넬조,52,창고시설
4469,2020,52750,전북특별자치도 임실군,후천지구,5275037021106080001,08,452.00,토지의 현실경계,8192,1,0,190.6200,39.96,39.96,10,연와조,52,창고시설
4469,2020,52750,전북특별자치도 임실군,후천지구,5275037021106080001,08,452.00,토지의 현실경계,8192,1,0,190.6200,39.96,39.96,10,연와조,39,노유자시설
4469,2020,52750,전북특별자치도 임실군,후천지구,5275037021106350000,08,506.00,토지의 현실경계,8205,1,0,90.9000,17.96,17.96,10,연와조,52,창고시설
4469,2020,52750,전북특별자치도 임실군,후천지구,5275037021106350000,08,506.00,토지의 현실경계,8205,1,0,90.9000,17.96,17.96,10,연와조,11,단독주택
4469,2020,52750,전북특별자치도 임실군,후천지구,5275037021106350000,08,506.00,토지의 현실경계,8205,1,0,90.9000,17.96,17.96,15,목조,99,기타
4469,2020,52750,전북특별자치도 임실군,후천지구,5275037021106380000,08,532.00,토지의 현실경계,552,1,0,72.0000,0.00,13.53,14,시멘트벽돌조,11,단독주택
4469,2020,52750,전북특별자치도 임실군,후천지구,5275037021106380000,08,532.00,토지의 현실경계,552,1,0,72.0000,0.00,13.53,07,목구조,11,단독주택
4469,2020,52750,전북특별자치도 임실군,후천지구,5275037021106380000,08,532.00,토지의 현실경계,552,1,0,72.0000,0.00,13.53,07,목구조,52,창고시설
